"x1","x2","y"
-0.48183142347797,3.17852519066108,1
2.10198818764732,-1.24948989307603,0
-0.1478700124881,0.484044840891924,0
-5.45093804382141,0.315982627501827,0
1.49754959475306,0.732091394590407,0
-0.0133329038839704,-0.870588128181805,1
2.37429954627651,-0.788729652728247,1
2.61115457882973,2.0843961138987,0
-2.32613146674484,1.51997186335826,0
-3.66060693139746,-1.40725399382177,0
-1.66644691936635,-0.361383155170363,1
-1.81762802110944,-4.81259212792684,0
1.16223861965849,2.1185835158069,1
0.796593215832558,-0.112662026239053,1
-1.55700808670341,3.35398591124476,1
-0.62684775719319,2.84002829723866,1
-0.719000654640336,3.22869054736292,1
5.0736811990072,0.295534898740554,0
0.118765711080246,-2.09635921490491,0
0.769190193892309,2.14683282821751,0
-0.292912515225298,2.02038376270559,0
-0.85229352139703,-3.55185800798091,1
-3.19475577275353,-0.659755503165242,0
0.872471400933577,-0.778274921590595,1
2.21107143475743,-3.88417286544507,0
2.63303930506973,5.528601807826,1
-0.776269118880788,-0.569098115848753,1
1.4663405893549,0.453746926829826,1
2.69735336699067,-3.46435347216722,0
-0.826857217880675,-1.04833874511374,0
0.807242257280731,2.0431492310412,0
1.70272472759552,0.725958334079234,1
-2.91327926193003,-3.44214758944069,0
0.956029789347193,0.91440643468378,1
-1.60679608303202,2.07578168547016,1
-3.52516722321262,-0.218629255646266,0
-2.17540032701316,-3.32263722466102,0
1.89295514212421,1.70730604878687,1
1.20056374777418,3.63721557605908,1
-0.94822873364824,-0.800836218259038,1
-3.88140808199599,4.53781460247505,1
-4.13055008859365,-3.94258904038168,0
-0.577749783502647,1.01022743897319,1
-1.08458473222281,2.81188247535419,1
2.62920903636297,-2.02066599857205,0
-2.47405707446397,-3.09685915947741,0
-1.8592207867173,-2.22253854450845,0
3.1617493640402,3.75235603843167,1
-4.0164122021544,-1.67180494648614,0
2.35433069779927,0.380720839123004,1
-1.64345716741273,2.45126397590002,1
-0.0909633888007995,-3.77867764313745,0
2.86092188633186,-4.42635357358465,0
-1.0282309143757,-1.02818794131889,1
0.356084343323007,-0.699712856888619,1
1.00489617099145,0.257444244059337,1
3.78389687849468,4.06015552731176,1
-1.63971778844972,-0.361890267875417,0
3.69942129968084,2.0550725699764,1
-1.95569576626314,-3.84735072618018,0
2.77048300105247,-0.682773375557981,1
-0.653911221217221,2.20253837256809,1
-2.86684170569051,-1.40696721790656,0
-2.0582958638345,-2.88294638488413,1
-2.07000707118766,0.139048916430601,1
0.666397196680273,2.40577891401675,1
0.812284549595992,-1.99486581878355,0
-2.80231173642818,-3.75863731883615,0
-1.09394658114411,0.647051022314278,0
-2.6732341854156,2.17667660691679,0
0.0246830399644387,-0.089334215564116,1
1.05542596781578,-2.97973108778775,0
1.630356043063,-2.6162698792053,0
-3.60344619531447,2.55808131967511,1
-0.936185583266645,2.16292219054062,1
-0.120229475597191,-3.92910989174128,0
2.91399569883005,1.71786883676119,1
-0.242152880879459,-0.038106392546567,1
-2.43021140200897,2.5591435052848,1
0.774782470734183,0.254345492644601,1
-2.38112018711665,3.43604894024195,1
2.10623678087302,0.902708712074285,1
-1.80374615193344,0.918444433565032,1
0.408849708212073,1.37299111726392,1
-3.71340796062316,1.97598749719496,0
1.94143213537915,3.23781881356292,1
1.20787360454987,2.03538890374033,1
-1.88789070854415,1.55028845420091,1
-2.87908649343409,2.11272523753055,0
-1.24615039119978,4.95125993585182,1
-1.30668818513299,2.32495349644543,1
-1.14391091915145,1.89899801294725,1
3.60318501249675,-2.16763643637102,0
3.23344760086584,1.16297594920526,0
-0.747001113965138,5.50389778024654,1
-3.45571105690436,-0.96328403170979,0
3.56699682364112,3.31747750775386,0
4.11719648414053,-2.00343573089198,0
-0.355057033082276,3.14663831937086,1
-4.16742080901443,3.39916150958126,0
-1.03390786394426,3.13732578503955,1
-2.22205224901514,3.04484527801727,1
-3.00591533284482,-0.726193732120106,0
-1.93645657561718,-0.642847971762419,1
-2.8317216710732,4.35826555855655,1
-3.95368822767854,-2.00205931834455,0
4.21422274809158,-2.19142478946643,0
-1.7075986949408,-0.447896370288908,1
3.91216236365522,-2.98317290533234,0
-1.39940243840935,-3.38471438574272,0
1.20859100152345,3.66019236009555,1
-0.614313723329043,4.21272445233221,1
-1.84155478331472,0.0960375448707389,1
2.70463110547995,2.2862333555042,1
-2.73431461110937,0.661433926435585,0
-1.54367272976937,-0.0463486584566168,0
-1.20252854813258,-1.86552419700073,0
1.99105461850695,-0.689732437541652,0
2.8200653564451,3.51067617725741,1
-4.78390866078073,1.51650143999304,0
-3.31505802585034,-0.55856171970932,0
-4.26547455687806,-3.85191810359042,0
1.63544952502667,-2.09404003938529,0
-0.565063119274264,4.06841692819963,1
-1.73701407287808,-2.02099945997501,1
-2.99229148255664,2.91719057168678,1
-2.0203787351667,1.64590661833629,0
0.333040419680202,1.22842164281587,1
-1.14660580756188,-2.96331638916921,0
-0.848134135059269,3.41088836544748,1
-1.91289970266326,-1.79964779904334,0
-3.99854336448318,1.98323842636271,0
-1.116480797272,-1.67333095050778,0
3.10848881437467,0.178924570312486,0
5.83028665920823,-0.113689498066661,0
-1.3638082114101,0.511569563124929,1
-3.70163873575533,-2.60389254500858,0
-2.11497892713878,-4.00182920106753,0
2.1004873571668,-3.8303727526224,0
1.02307455763007,-2.65558503371331,0
4.78253150309228,-1.95360535013186,0
0.478416965381959,0.558818072301708,1
-1.19850253687366,-3.83983462347626,0
5.81198952783725,0.851772512897449,0
-2.84416176761185,2.49638153283102,0
-4.36179086492347,3.39556054162237,1
2.69281543965412,4.17132218028653,1
-3.32295367688805,-2.00587094205675,1
2.25784671847918,3.04108785578151,1
-0.462155440942274,-1.25154304277267,1
-1.26824149714713,-0.893898588652868,0
-0.796726293382974,-3.21399012168836,1
3.48540010572086,-1.77671724161073,0
2.53950518355897,-2.18407822812713,0
3.65118208800121,-3.62716799738837,0
-0.306414071502842,4.63638736581253,1
-5.27964824661338,-3.88400838974409,0
2.55602405214095,4.54190046260817,1
-4.08064128361283,-1.20893149116517,0
4.79150840960256,-1.98024611908173,0
-2.79745048277115,-1.68425054988286,0
0.155642366520559,1.01665048448907,1
0.953744263332992,-0.0624782731210225,0
-1.94776918876399,-3.37828559041193,0
-2.05919545970442,-2.5851211688027,0
2.09839730508241,-2.3408206772777,0
-2.97458602676123,-2.34056568488539,0
0.0730773844361614,-0.895709240910625,0
-2.77985779035677,-3.52331005137232,0
-0.30358678234692,0.332196720668507,1
-2.56167329664357,-1.55038885067273,0
2.74953361662189,2.31114994512943,1
0.57744745884932,-1.05873989158681,1
-3.59450468724589,-0.801198524815185,0
0.779661686291593,-2.56324484816365,0
-2.78960610175308,1.28180387227324,1
1.3408808861979,-0.300506431541847,1
1.08286725046251,5.3103863766476,1
0.57458137568452,3.71538621294525,1
2.53080346785526,-1.70780175950705,0
2.38799434928881,-2.21688895265732,0
-2.10216577478937,1.62309107363186,1
1.29865093761512,-4.95036695492515,0
1.96448681781739,-0.536561687618255,1
3.92658123632982,2.27330588464639,0
-0.0233790090121422,-3.28935262945287,0
0.466769883160562,-4.93971970521504,0
-0.836516597005509,-5.84734764283973,0
-1.89121679353616,3.59829231091103,1
-1.95894206015856,-1.84836331465985,0
-0.233965645117143,1.87057225535874,1
-0.23749175909597,4.993456200336,1
0.545584922202766,-2.7513318245986,1
-1.98383290653197,0.636374394149523,1
-1.6360476131262,-1.23069675248577,0
-3.2260867061601,-1.22699264614736,0
1.04839971422731,1.62001884306067,1
4.39024451456133,-3.10505225467326,0
-1.2591129504325,2.18235454970278,1
1.91743585617166,4.7636274501474,1
-4.49932744648579,5.26383490754043,1
0.113466830530856,1.98323596103259,1
-2.14199512491174,1.93077889953641,1
-3.9296676627599,3.13587240375089,1
-0.59270958759158,-0.832428537840584,1
3.66565122086251,-1.53227898367989,0
0.108429012623677,-3.45923680599685,0
0.675974294999253,4.36004739969746,1
-2.2063542079774,3.06324791275835,1
-2.84228167000228,0.355700386498483,1
-0.329398401028799,3.18570167468183,1
-0.329813561729983,-2.65041744754458,0
1.19583929282761,-0.0543401208493216,1
-0.91579989958049,3.71692276879757,1
2.06390911539812,1.46414794580795,0
2.406470892979,1.2867727883668,0
-3.72372133281806,3.06584913894655,1
-0.0867545229873876,-3.7174558830657,0
2.91487062627435,2.36664718159272,1
-1.6390372191771,-3.02502507449462,0
3.14652353350011,-2.96037768365731,0
-1.01166015977442,3.60123570552069,1
1.55457149148643,-4.11645245824042,0
3.38087262754526,1.92235416467973,0
4.84557511223388,1.37759963936707,0
-0.131033681200564,-1.80896950019709,1
-0.90860918902514,4.1127444268594,1
1.32300622935724,-2.20724717681405,0
2.12779673154208,0.157617321294623,1
-3.35599131270761,-0.0287691821199059,1
2.35305300586773,2.93206249958644,1
2.91781895260944,-3.53026786413072,0
-3.3747638976471,0.722830149641068,0
1.56395499085421,-0.824912033735378,1
-2.36102268992289,-3.35211266523206,0
-0.386739167397566,2.83353408372264,1
1.17298666591107,-0.104059129806985,1
-3.94316242431056,2.62664861542647,0
1.2395161519096,2.08509056182585,1
0.0146489062975721,-2.99143827933848,0
-3.22936461606921,1.34489983403313,0
-0.662317965604461,4.60621219478501,1
0.957086510388791,5.48575117900999,1
1.87312265868047,2.27781751432392,1
-1.17590308797401,-0.390090033888334,1
1.23078089382629,3.15570249745435,1
2.10549993974752,2.60659732794494,1
-2.7734264635648,1.55547506480492,0
-1.53188609385765,-0.393818176886438,1
-2.42944871367245,3.51912702685766,1
0.843612972236479,0.580101134189508,1
-0.0701737091094781,3.15399371175056,1
-2.24161077429708,3.13551560841339,0
0.928530710657961,1.14126752847347,1
-3.29089441570462,2.26744319812488,0
4.78567137592834,-0.701104259664704,1
1.72292027854971,-1.36456168262848,1
4.63848194396537,-2.29108183234869,0
0.197974327695374,-4.00306191938798,0
0.527453372348737,-2.1979186080461,0
0.233268962389005,1.67820092353354,0
1.19895369118417,-2.15886813438325,0
-2.6858695637935,2.11495490830521,1
-0.206765721527518,1.75662632014694,0
1.77891698585503,-2.60796695664069,0
-1.49236160093555,-0.159248482278136,0
1.30600049796554,-1.44149990646694,0
-4.6943790900332,0.915887349089335,0
2.35010275257447,0.855403411921472,1
-0.512586133119568,3.48632443278987,1
-0.892649118221186,1.48984862631664,1
-0.960069225238936,-0.523812914725186,1
-3.69550275237249,0.74490988240751,0
-3.31437291112591,-2.03328481804605,0
4.2556395519291,-1.72121481180849,0
-2.09318386311747,0.857576529378923,1
-2.40113311998013,-1.23527443169399,1
-4.88838912138297,-2.83593884014225,0
4.09558466948953,2.95204493149404,1
4.76691107126942,-0.421620066076938,1
-3.60818950446544,-4.97774914543633,0
-2.67563541526971,-3.70200771988679,0
2.26504331334961,1.88254593278007,1
-3.42981089777222,2.4469359598494,0
-0.64980705754933,3.73453555854903,1
-3.81814200933019,1.01046371984358,1
-0.596266976729315,1.59804941702978,0
2.15199443635787,-0.499004793712753,1
1.74336351144348,1.01697050697697,1
2.08609156513179,-4.10946725050913,0
1.37168544114395,-2.96522671584198,0
1.78374159157676,3.33071751671207,1
-1.74766407913051,-2.53303031737101,1
-4.13437122501721,-3.68451388464689,0
1.45819852882567,2.27511152091931,0
2.83919105637781,3.97622939651858,1
1.13932701775615,1.14830246367532,1
1.14372292490252,3.67220754478609,1
3.20954418347799,-2.98740079798143,0
1.86916920422299,2.05594719527671,1
-2.15337010230048,1.29327352136509,1
1.94508210855713,-1.01903103036977,1
-3.48331452720132,-2.39130015255559,0
-0.220655897674056,-1.14147588342657,1
4.82639019414354,0.528933375644961,0
0.436958404886244,-3.21060966865623,0
-1.09617634512613,-2.64134722303639,0
2.01340005407666,1.3476767592588,1
-6.17600736445158,-0.388272714782503,0
-1.26650242854948,0.361486972248742,1
1.74386881841595,-3.14502138748197,0
-1.39743890302188,-3.17551383026659,0
-1.07458026257411,3.5171839510255,1
-2.24295302174364,2.00856514104843,0
1.93330195378175,-0.713996394215437,1
-3.07765257272887,-5.16601428781589,0
-1.18033459061805,3.94705960521932,1
2.21646601580659,-1.17174833193376,1
-1.52633357559808,2.42009089448741,1
-2.11883115170883,1.51331936421938,0
3.3681083283275,0.704860895180247,0
-3.02600138207581,1.6265334740417,1
4.17856871975056,-1.88602538145125,0
3.60526437510905,-4.08151437034159,0
-1.02103963126272,-3.48226942876956,0
2.87841472307035,0.788135152425545,0
1.73979925831624,0.462181011282874,0
-1.7810957043868,-1.1076338254544,0
3.11743824715952,-1.83803400437505,1
-0.530241150590713,0.396696182960825,1
1.91820868426317,3.89119940052483,1
3.65644281065226,-2.58007837014495,0
4.29389967252211,-2.6692847413122,0
-2.23485619477033,5.25060615043664,1
3.74602562957931,0.314205405445757,0
-0.623728320181744,-3.23792360314404,0
1.99905197863425,-0.909522669352474,0
-4.42944421415657,-0.409414279000957,0
-3.41071326296501,-2.73785213253441,0
3.20423180673995,-3.48048246544528,0
1.45294280504853,-2.58630533590918,0
1.09357764586927,-0.174339908556862,1
-4.09635969601587,1.32985621587851,0
0.493908864132178,1.17176382027721,0
-2.43867027141649,1.49485791975752,0
-2.61235956090065,-0.178225459006367,0
0.0291416619439947,4.10464678903781,1
-3.41334170935041,-0.284103260693578,0
-2.71730030429435,0.732317579290668,1
-2.36359019510145,-0.993187583257395,0
-3.19596641250551,-3.85283024636362,0
1.84870390513215,-2.3400318703082,0
2.54595310085635,2.02773404147332,1
-0.825576447556541,-2.23704766340338,0
4.20555492281206,4.56792389578774,1
1.7163635291594,-0.162474866704021,1
-1.14215551203037,1.52758582211587,1
1.9511416480267,-3.25188495209523,0
3.2470996872341,-1.50329927751343,0
1.40408466812697,-2.74300790794745,0
-3.26972189309424,2.63505264041772,1
0.60715140695624,-3.93401137485427,1
-0.727337864068011,-1.69835153425668,0
-2.48924615610773,-1.60442154422697,0
-3.3702951673513,3.0505162588924,0
-0.710135255692955,-1.76826510507238,1
3.47470305900841,2.23970472452215,0
-1.45998231376198,1.02975337102865,1
2.44509275673369,2.65670799854916,1
-2.25193053439526,1.98246538763462,0
0.812811393514843,-2.75439321033991,0
-0.508958978115754,1.60299628956969,1
-0.879654288852087,5.13734649770634,1
5.47586424829028,-3.2301166711452,0
-3.28241052560592,-0.0611753408532238,0
0.725489583627216,-3.39548482525226,0
3.15088940819597,2.9680323012453,0
1.75891583249146,-0.547955584139552,1
-2.27379264545671,3.40225708273989,1
-2.46824887445534,2.37838613202758,0
2.8983336377598,-3.66253796485419,0
2.49043615870146,0.68344380555376,0
-2.52645675642438,-5.07167019107716,0
2.09107932742147,1.0787762393561,1
-0.949792324677574,0.742643122951946,1
-1.70778578265219,-4.83203163240705,0
-0.466221677473269,-0.842182707491032,1
1.62050404939897,2.25507090796712,1
0.636362313338692,2.50689500193413,1
-3.51781350455583,0.0475948409898518,0
-0.694649420640403,3.91196333154344,1
0.930635053887547,1.73195500311923,1
-1.85638581618353,3.596449045271,1
2.11569234709473,2.32195583941383,1
0.875636674821584,-3.28760799946821,0
4.35837626501408,0.039938866720754,1
-1.65573359153554,-2.49508378541614,0
4.25323627432275,-0.982182549114774,0
3.87782899307251,-3.07058121039705,0
-0.346452189466346,0.223563558186269,1
0.702110599088732,0.707776307370107,1
1.88039039424499,0.627873800810608,0
-3.16555584471422,2.02753220252185,0
-4.76651493550102,2.2097405415672,0
2.11230034174757,-2.31371264979959,0
5.39939305769227,2.76119434504276,1
1.72630030508093,0.184897965710874,0
0.349873785390576,-2.58951529295406,0
1.2266252478969,0.880021912462855,1
2.16788959607445,3.60867387236008,1
0.647799634123299,-0.03920546066617,1
3.58651843847239,1.07033997706987,0
-2.96244073705731,-0.700784412153316,0
0.511392045451482,6.46414247360601,1
-1.75642912405614,3.3569978149907,0
-0.99329313155142,-3.94416879259886,0
0.514753383884717,-1.20113889547672,1
1.69979863092089,0.43141468471166,0
2.33700074406539,-0.154178102121577,1
0.636899210303367,-3.3606881758107,0
-1.91816793519268,-2.36299397418965,0
-0.550910754854525,-0.826591943204598,1
6.49174804683824,1.8062412124624,0
5.59625156711611,2.60102616337241,0
0.80807152610005,2.40496955434065,1
3.47933101389003,-0.432003411175061,0
-4.34996489911151,0.292849022387336,0
3.26724017515048,4.55857623696202,1
-2.36008010775385,-0.10266190952323,0
2.75556198373444,-4.11844513981415,0
1.93802476939337,2.13539360901205,1
2.46816396893514,-3.24361593804377,0
-2.27413584684463,-2.9250545832446,0
-3.46070173211647,-4.13380548541349,0
-0.448148744796577,-1.83532554876439,1
-0.282176045611594,1.88017003007767,1
2.20604286150696,-2.93546256581928,0
0.282560645719234,-5.37602809766109,0
-2.56591371280265,-2.30933571862883,0
-4.42723698518866,0.258199562811112,0
-1.81833976374714,1.78379874025187,0
3.42958909354559,0.744944320091677,1
-0.29067052406959,0.0460501984348171,1
1.88853043434075,-4.33675726874681,0
1.36057639190529,-0.167039355810433,1
-1.11950425324665,0.813349545596537,1
-2.56259562797076,0.0753099185385842,1
4.64960698354544,-2.15783459909617,0
2.52612342052308,1.86788379819736,1
-3.09435773919293,4.23610196030266,1
4.4990201821427,-1.42559187508642,0
2.6812570495409,0.644829458333852,0
-0.0808595013545814,-1.23619978348977,1
-2.49365481456064,-2.25192942772422,0
1.3727920646838,-1.79326202344735,0
-3.6634139981597,-3.5499239390193,0
2.88508811509607,-0.0552608815037741,0
4.60002977715414,-2.25726555842282,0
2.81375752916648,-3.13239906140952,0
2.05447211149278,1.30736322312721,1
3.16793144626018,1.57667323936016,1
-2.42513208304187,2.25312499260208,1
-4.76980203584919,-1.52909494407336,0
2.57251836868255,1.12456180054517,0
-3.99662469961753,1.01129660572813,0
0.167325787329178,-2.14508612484244,0
4.31402916954764,0.67512922552492,0
4.7609475526659,0.362649622868538,0
-1.04501153978297,1.06120479775758,1
2.40531975316987,-2.66803852856877,0
-0.739764266456378,1.93767855823324,1
2.15182764545682,2.04507891242733,0
-1.49316186336716,3.1525966592441,1
3.13754913317825,-5.48696948910084,0
1.82363765365986,1.58607414125245,1
1.98552041702567,3.15891171115333,1
2.10220091106247,-3.51732901124953,0
1.66761203291169,-2.85990412232729,0
-1.71022144084998,-1.3802437178416,0
-1.90457310332679,3.45932904866729,1
-3.03146085565402,-2.94868107838772,0
2.86563496866979,2.67409294694508,1
1.81299174713953,2.66723678184198,1
1.58260548989501,3.90825634115425,1
-2.42617093320369,0.366127837372304,1
4.24073486627867,-3.92677380230176,0
3.80010144943219,-1.62456228502562,0
3.90809094219962,-0.447438147240308,0
-3.49109745047823,1.9301504321814,0
2.39876026204904,1.57859727718168,0
-2.30095217853664,2.88134488834505,1
-1.77151828694997,-0.812137652877571,1
-1.99881504197786,-0.863580098859882,1
2.82519917648628,-0.362743303229326,0
-4.7664488993914,4.47603552627599,1
0.155556041389023,-1.02038551393697,0
3.42659954563219,-1.16109500499453,0
3.71834273137355,1.88467440103552,0
-2.56150218409178,2.05213649443898,0
-3.41677020043335,2.50309320278518,0
5.02440001351395,0.755314602369139,0
-3.74897010863051,-0.38094909343539,0
1.82539367475729,-3.17157149753479,0
0.597093112614296,0.552414436251338,1
-4.5965288966159,0.0823935064847336,0
-2.33816144601899,-3.47533505667623,0
-2.24220485400002,-1.79553043943978,0
-0.611461879473572,-1.56785573711867,0
-0.817581268313661,-0.310156365109828,1
-1.17682477364087,1.71112182912586,1
-6.45838179117271,-3.92192650669046,0
-0.45669526075679,1.24523316678945,1
3.57471485356623,5.04286147362305,1
-2.44094590578867,3.56842205177953,1
-5.395796124047,0.324658562626552,0
-0.814216133938912,3.20666829361853,1
-2.84484373152125,3.5862327821068,0
3.83940397399884,0.0512747863854876,0
-4.24258535416921,-2.28254667241073,0
-2.41085796096797,3.06411197751132,1
2.75328028023198,-0.280454079099882,1
0.228068051845419,0.277894978775915,1
-2.51813755960248,-1.00787697856647,0
0.678895373351448,2.00837465399747,1
-1.50651318634509,0.378774104016395,0
-0.100113903191963,-0.284488159533126,1
-3.92146636321373,-0.235569287315812,0
-0.771122177186651,-0.457842039929857,1
-2.00183074317514,-1.22679752233679,0
0.249695145151215,-1.8414095703489,0
2.43915537458927,2.99491870121508,1
-0.425469767783082,0.68804160263629,1
-1.81101026851608,3.69737243348824,1
1.67534829790024,0.978696023045797,1
-0.44013157410432,-0.913307901851925,1
2.29577165538333,-2.25696835000308,0
1.54467401093918,0.508943409735748,0
-1.96588415271608,1.68116318776077,1
-3.10462079446544,1.43669236683926,0
4.0635813029308,1.33263525441234,0
2.50005488311846,-3.15243709064653,0
-3.33511397994197,-2.00233751351947,0
0.973893819492123,-6.01320433186413,0
-1.97906120379204,-2.683682337952,0
4.57954628590145,2.97472151642235,1
1.9440347949433,-2.3074368443997,0
-0.183180990743501,-2.03082289162688,1
-3.08683896700706,3.91205343768452,1
-1.24443512614879,5.23927720727327,1
-4.20391516295761,1.67375523388014,0
-2.42421501469807,4.11579591993412,1
0.0084820947886064,-1.99348819112737,1
0.244603486247757,0.904142851351625,1
0.339473016326878,-3.38499861209947,0
2.01227926696785,1.33957438962549,0
-0.226027803877775,-0.00457224902410383,1
-0.444720954458293,3.45662166976994,1
-1.52825302593793,-3.60917907747841,0
-2.90337243419828,1.94127982493573,0
0.159999949524967,-0.826253720225677,1
-2.96763705874127,0.415386204554152,0
-2.57947976313776,-4.6313677417752,0
1.05356852255967,-5.74623962588793,0
-5.03985616800279,3.89593938788477,1
1.41885801804215,-2.61974057406155,0
1.03386231248029,-2.94050729027453,0
0.39195482174546,2.21397757763766,1
-2.89541860249041,-3.14453252260253,0
1.80204803409992,-1.5060806191459,1
1.51017184637755,2.10630012385691,1
3.16688664371187,-2.80150194538193,0
-2.52168554927909,-0.519834409839534,0
-2.5673389818498,-2.56520215254815,0
-5.31480785526109,-3.13552909914358,0
2.47551698230779,-2.33206202381591,0
-3.48890381568254,0.274785766955498,0
0.987575645330414,-1.8207071589613,0
3.11254213900986,5.53559776942713,1
-2.25524153595969,-0.409948764606883,1
-0.833831941041437,1.81344540571507,1
-0.587032300080649,0.443260395250236,1
1.23136979223517,-1.21830934818406,1
1.81739671186782,-3.34682489693078,0
5.9367884437033,-2.44346558122165,0
-0.0305254587939265,-2.09256264938072,0
-4.25234630570078,-5.048209001439,0
-4.57480873468197,-2.23964445650434,0
-2.68986408286249,4.7708347342211,1
1.64818709358197,-5.15953614834188,0
2.62029499870881,5.09083502221486,1
3.44533786751549,-3.27526199734572,0
1.69256431558124,-1.29748890616783,0
1.54243390847588,1.35611499167176,0
1.7012877323543,-0.1399885546346,1
2.82981929250808,-2.27270188892939,0
1.50547232120923,-3.91799875250485,0
2.19679532966612,1.59601680556702,1
2.01338507606836,-0.832903414752916,1
2.78428269760368,-2.32249363061285,0
1.50627403449613,-2.05786140180491,0
0.262273580085767,-3.93006089700393,0
0.499073933338592,3.05091398537549,1
2.87742057766803,-2.16936917079451,0
-1.65764043068015,0.437988305398639,1
-1.20466210706743,-0.297405913894474,0
-0.207475534875088,5.53382228739818,1
-4.62960176715044,-1.50126543970771,0
-1.04807321345206,-2.92775537848109,0
-1.32215626497702,0.687419902150841,1
-3.49164762269848,4.13986954128037,1
-2.72453463228272,2.99132144123588,1
2.30032533740782,-2.08929799695056,0
0.226320781208466,-1.04379563752417,1
3.12034715161046,2.93727080022797,1
-1.27223817806701,-3.19109844896801,0
-3.03426360426855,-1.11470540293013,1
-2.66024880619718,-0.0953537627729613,0
4.38028322487646,0.301275132175781,0
-3.64206328052533,0.148900093824087,0
-4.77153671095524,-1.7888454040267,0
-1.48132806816089,-0.71804164709979,1
1.95052793510292,3.49832388367369,0
4.77875977078862,1.26663991281574,0
-3.09217373068063,-3.62957420665457,0
-1.37743556851764,0.571562406631051,0
-4.32594470419453,4.01800406027564,1
-0.241157332335691,3.4909766455488,1
3.40490154448,-3.00492440300966,0
2.93348107306756,-0.823140168105121,1
-0.582720212729158,-1.7723142942215,0
0.166708625265593,-3.08231905580572,0
-1.04772116450376,4.84984764718542,1
4.15893003891224,-2.05287197106907,0
-3.60019763306912,2.7695034738317,1
-2.75835395217653,-1.3626971556879,1
2.18853576889224,-2.19541552560098,1
0.126750184783806,-2.21343728478859,1
2.63031575620923,-0.681381293121967,0
-0.724411214438864,-0.456862591634266,1
2.85401333438655,-0.293807015123066,1
-3.31501459356081,3.94506092321993,1
2.88130762614035,4.5472777012344,1
0.522842227892906,1.73151224390604,1
-0.917974022488673,-3.00462705506743,1
-0.00613161722768374,-2.24976751056914,0
2.70245194030562,-0.542987912344311,0
-5.65667482206653,0.197413045011786,0
2.07220317443543,4.12920407643169,1
-2.94836342945427,1.37122864185172,0
2.30491587932222,-2.66480032882835,0
3.88589814835204,-0.0475714058768688,0
3.26256713805048,-3.06174849206576,0
-2.0737365204815,-0.491099515463191,0
1.06284649320958,3.52181441829776,1
3.49004037636364,2.69353928199753,1
2.07122560993619,0.301397916837127,1
2.32962938472648,1.6023964787092,0
-3.7132887751103,-1.66490970251316,0
1.14899414701622,0.221966031066847,1
-1.05789392984662,2.85297874858168,1
0.748694252515799,2.40008982477084,1
-1.20341125125979,3.43874844771678,0
4.91802181626705,0.472722435625999,0
-3.41670827926684,-3.21426770269428,0
4.57902495711692,0.493382368400119,0
-5.35908621210824,3.02051485018883,1
3.90176730877486,2.14722843402161,0
-1.73362522149657,-4.17742541220893,0
-3.00169762402708,-1.39941800866914,0
3.1182946570973,-3.70111046851237,0
3.41098722640241,5.48427358225527,1
4.36992517883643,-0.1294749049612,0
-1.60902780034777,-2.34532377256502,0
0.215471877960226,-1.00029220905072,1
-1.11006985731362,2.21420728086631,1
-1.9070798859086,-4.38356087598275,0
-0.774946860550171,-2.4080898075591,0
6.44418472755436,-1.43710327069973,0
3.97254823585626,-2.08899695617702,0
0.867177072269941,-1.16456038711081,1
3.58729182992729,1.58251450985066,0
-2.73900574229159,-2.35957478897554,1
0.587436448749076,0.777398957487954,1
0.810726430422719,-1.74867196740915,0
2.46449833043857,-0.848157932153585,0
-0.620338840763475,1.51129134912257,1
0.600281982148827,-0.743917036342375,1
0.442151714804155,2.02158161941871,1
-0.23317112062235,-3.78479717738511,0
0.259053460660414,-2.28557307751872,0
-0.466668555034406,2.94330280589412,1
-0.844391882987085,4.66487105543251,1
2.45628891199946,3.75704449688349,1
3.85998989129173,2.12811610317768,1
0.867059914763983,1.54307274227216,0
3.96487319722603,-0.369436828926809,0
-4.8026470106729,2.62888505343463,0
0.465138441284928,-2.14605920827128,1
2.47591034043523,-2.16370707987644,0
-0.786557440193846,0.837123909806175,1
-4.18663320775587,-4.07335793284791,0
3.8540948192536,3.89649347026196,1
3.41358327761874,2.52257962528587,0
1.22464561470039,-3.08901864834523,0
-1.59167671661959,-1.08094283724773,1
1.37533138060618,-0.191475089687626,1
0.280669800672675,2.06359471743033,1
0.00389766817174103,-1.89140864004097,0
1.64996211416062,2.07234384383296,1
-1.44672470583984,-2.43822937082119,0
2.65122586678429,4.63017917217202,1
-2.43854243168965,-0.881835622806373,0
3.9622891677334,3.18568671992214,1
1.35391349736645,2.20500253173717,1
-1.96052925920774,0.962400007210827,1
2.5047934250919,2.85963447389375,1
-0.980426923317567,-0.180716279523677,1
1.14873942748993,-1.95363624208792,1
3.29207650579816,-0.587229749223992,0
-3.93190990254718,-0.709879224702043,0
-0.351320343473994,-1.17513548172181,1
-3.13603244931652,3.29832871514608,0
-0.52011403306261,-0.23270883105909,1
-0.965237916888906,4.30340962672997,1
-2.8428201833325,-0.0081153137253368,0
1.56659783741099,-3.38240365542841,0
1.79664544033051,-4.04491455110975,0
-0.0993253752365126,-4.32802402804772,0
4.03225772051343,-3.66295545785804,0
-2.8589215958412,1.28628102348701,0
-1.08441485774804,1.40457336945536,1
-3.57062307465957,-2.43050755338064,0
1.65472427204809,2.32874390798635,1
-1.99861038591574,2.2440781045745,1
-3.56960092710843,3.44368604626028,0
3.35021819224732,0.82147096491176,0
0.780146492631482,0.590507106092241,1
-4.6791635116972,-3.97757243530209,0
-3.272083940696,0.024377453417327,0
-2.00727467839392,4.70666537707187,1
0.970141322415931,0.399687269675637,1
-4.76423277281044,0.210748403354977,0
-0.646929832359305,0.828104100360711,1
-0.0680769144423802,-0.925025224243833,1
-4.1434987127614,-1.21860441744433,1
4.30493167259873,-2.32658956700247,0
-1.53521653684994,2.89923099708053,1
4.13560579705673,3.73887731515502,1
-2.88738516304131,3.48214212850071,0
-1.00800367063859,-2.15038139911692,0
-5.63638977883955,3.10313899129585,0
1.06325657056385,-1.93297726616024,0
-0.136968597893967,2.16294013354759,1
2.5073398039366,4.56706179098104,1
-3.24971787189956,-2.72220905075161,0
-1.68386036731357,0.206008914736823,1
2.29360350279254,-0.837207702254745,1
1.14353182579683,4.61726693863274,1
-5.14133692596184,4.08373740819176,1
3.38417849448597,-4.22970786407698,0
-1.54038695124706,-1.24879887804517,0
1.27706520100724,2.08289878815714,1
-0.145243934164929,4.8716399766789,1
3.85150278739845,-0.403845866503175,0
-4.60831593402942,1.18016904657034,0
0.58479774010067,1.7355769760169,0
0.0827604772816337,-5.26835290039854,0
-0.80336393152581,-0.159734075867991,0
-2.04571981495446,-0.0197350229811221,0
1.94394567327076,3.23248475947912,1
-1.02580900683219,-3.27026960806869,0
-3.70944337064646,-0.814090032793438,1
-2.91984172478843,-1.0153022344167,0
-2.52813101093952,1.52939349514162,0
-1.59655346567938,-1.30086650469171,0
-4.05719284218906,2.45705005578737,1
-0.465201949366522,-2.01402191791984,1
1.71425043193217,1.41540764167043,1
-4.38114288070489,-4.14048443266729,0
-0.0374657416104098,4.34335192576659,1
1.02592626771388,-3.76477907577218,0
-2.84259689384012,0.92811519780424,0
0.203820126073525,4.28054324585234,1
1.02829208872344,0.0828744994761599,1
-0.996202977318657,2.09583748008062,1
-3.50697408523474,-0.624774482228763,0
2.00898917043939,-2.26597274855834,0
1.67644500932882,3.07736993647369,1
-1.20091989395445,0.572481554275464,1
-1.93769721835312,-3.6250372726544,0
1.07958026022254,2.50697243062885,1
2.24480784373252,-1.55952662251468,1
-0.0855495500143874,2.31360014254082,1
-2.52176500212,-1.21005222870318,1
-2.58930908347349,4.53158910480402,1
2.1084539834333,-0.564702323671256,0
3.69018933048505,-0.0675539156146913,1
-1.13772775619952,0.453946774045021,0
-0.755024786401032,1.46725728141725,1
1.35179869687965,-5.25791438486989,0
4.06585816867957,3.8755009593024,0
-1.47687470409175,-2.92853501413763,0
-2.93973019338533,-0.723362118243876,0
-0.79186325278831,-1.83063068556204,1
-2.64172771820789,-2.75571182387229,0
-0.112660996984069,3.42437071681088,1
-0.539054032856473,4.4070724153636,1
-2.35630578803776,3.72767232920796,1
-1.67839070396315,-2.24040516020797,0
2.15773391071103,-3.65303295549894,0
-0.644979313105627,2.15093048106761,1
3.91667368666616,-0.171615541204872,0
1.79728745047598,-0.624072510389596,0
-0.529702591422171,-2.26187886084252,1
-0.38729186324827,-2.62141219323307,0
-2.30129475504803,2.32768403983365,0
-2.88486035363375,-1.76343274086926,1
-1.18016737181335,0.997454593877779,1
-1.39095378712838,-3.54219934204156,0
-1.60773724038902,-1.82088298187166,0
-1.59520367016654,-0.955642541607794,1
-0.383957150839249,-3.16649247148254,0
2.13544203137666,3.07111363510418,1
2.33013750508289,-3.26416952914356,1
-3.07265695755165,-2.47467639123824,0
1.74266519001805,-3.27626216577624,0
0.594126335354438,-3.42593530112438,0
0.0865718628294531,1.75900732998772,1
-0.628123818919791,0.182752231911339,1
0.974504128879785,3.99320140285615,1
-2.87323165278396,0.93054816529809,0
2.69217938875725,0.473277676760866,1
4.1919885301501,1.50879157165008,0
-2.05552298434553,2.79465011027929,1
-3.01882391624048,4.10125320304166,1
-0.24482936968928,0.30617526200301,1
-3.09511512113638,-3.03558103979778,0
1.71678122524217,-2.25066845731747,1
-2.01062528224612,2.58192555089447,1
-1.66651800276006,-1.90165258151993,1
2.43243214222677,3.00458118066917,1
0.165053529585198,-1.24418610289076,1
-1.67553708326639,3.90607161813312,1
-0.691447522400061,0.50517092826536,1
3.08328282944039,0.321849448218211,0
-1.61541751385889,-0.91861070537963,1
-1.62648589267432,-0.628643809222635,0
3.65176331025519,-2.01922711267616,0
0.898138945200608,2.17320129986297,1
-1.94148744755035,1.77924573932631,1
-2.44732531494004,-2.08267937232908,0
-2.04851382578526,-0.686492167251229,0
3.23270189941399,5.8605065032078,1
0.0280081025883303,-2.45501862509593,0
3.02223385051228,-1.83823603083497,1
0.4420176529527,-3.75394541963365,0
-1.08737081643836,0.323146857934547,1
0.739088267464017,1.09912152667157,1
4.46927405178293,4.13337106173606,1
-0.481974102590473,2.35195481947843,1
-3.24085949202222,0.760933865821786,0
-3.1168877132175,-1.52879346538336,1
-3.39074654703028,2.54715446289891,1
4.12279601641972,-2.25355521472373,0
1.91489321374456,-2.91829053750055,0
1.56474061474429,-0.255483641716578,1
-1.38700584955481,0.0752412646734751,1
-1.83471281314042,-3.67418439755527,0
3.45505749489128,-2.62192149536718,0
-2.12599193238292,2.58122553098912,1
-3.67763204481257,-1.72980457323448,0
-0.0727133977904002,4.81776252004721,1
3.76926053012184,-1.11452116729828,1
3.27066167185343,0.851776966575726,0
-1.41722559752173,1.52386189957038,1
-2.41852237479807,2.15472043416523,1
3.03058277980891,2.6004196634942,1
3.74773753979679,-5.24821356498396,0
4.46564538382432,-2.78837227271582,1
0.717619403998005,-2.96132418993469,0
0.843963089835549,1.703786074326,1
5.84124881830959,2.57881270747682,1
-2.54535884080561,-1.77605523219273,0
-1.12020923396657,0.693808461205024,1
-4.34891124111828,-3.8686694257415,0
-1.27075774058878,-3.06858660385962,0
-0.616267581466308,1.51413843261014,1
3.13761686416272,0.846466577066261,0
-1.04976975976257,0.853603233006772,1
-2.42561297690883,-2.25055428841347,0
-1.02996096324538,-4.54854620917122,0
-0.170472846956873,1.93102363507134,1
-4.41027027280667,2.5730340161396,0
-1.27076530738844,-1.36378604274621,0
-0.866070653939978,2.09848214126713,1
5.58739589891574,2.98856163835167,0
4.49292115970538,1.43068321192395,0
2.18239331244897,0.960218583986461,1
2.45798402188543,-1.78309897437292,0
-2.74245172047582,-0.73793444538351,1
-4.59831898580345,-5.9775029469555,0
2.45827685523974,-2.70103163012308,0
-1.719277328323,4.11099055907781,1
-0.470341051198978,-2.33536543117818,0
-3.09561607935365,-3.37270012648257,0
-4.19204108559001,2.6132612552647,1
1.35077744539014,0.421977696245269,1
0.759942255513178,1.67962618782039,1
-4.11289078979318,3.25779982569162,1
-5.25565976738434,-0.872702188712684,0
0.223910902365331,-1.59635834103344,0
-0.711048200962391,-0.221744688935484,1
3.56630558302574,1.29359178934745,0
0.0191864167821301,-1.75119253072778,0
-3.03359488022804,-0.405939268488633,0
0.0298956482569062,-2.505612508527,1
5.36445503256714,-4.08699959575182,0
2.99475285301303,0.035729486491324,0
-2.65493523381947,-0.328046318429922,0
2.33226824383992,1.05838546305769,0
2.34001959804067,0.962592512217854,1
3.18455269844116,-2.92909881176,0
-1.87409877433314,4.6887633696287,1
-0.337479235783136,-2.63352989302938,0
0.799579801430361,2.85547610591887,1
-1.63906941043449,-3.09292754822261,0
-4.33080353653637,-1.79956816207861,0
2.53085539438081,-2.45309096818274,0
2.15226430786337,-0.152025207242281,1
-2.52903364080106,1.77095556794744,0
-4.96692828966723,1.7429692358996,0
-1.20435402078393,3.8675709932198,1
4.49859660639676,1.90207079689371,0
-3.16251702892618,-2.0028232918367,0
1.34050884467785,-3.90353817400599,0
-1.98812870908566,1.93930720185851,1
-1.7194843968741,3.06884124539854,1
-4.21250023750209,-2.69684280663204,0
0.261257050373598,1.20825499603251,1
-0.0636303897050016,4.24671507245966,1
-0.493616005993755,-0.621523345758903,1
-1.26464948908029,-3.25220879630012,0
1.57070540541895,1.90890317220849,1
2.45284614946412,-1.93654563532011,0
1.46194386679686,-3.65698011840811,0
-1.99492770545532,-1.04093154387072,0
2.4811431427376,-2.2024946204814,1
0.916781362497807,3.22996054702997,1
3.93409864736182,-3.33609644107065,0
1.73862863229511,-0.460567900877944,1
1.15311981826543,4.46750133832998,1
-2.99510417386312,4.54644380683726,1
-0.879593356847444,4.39845360738756,1
-1.23570049423942,1.56411351553287,0
-1.06827287259813,-0.217560928647721,1
-2.1684984126216,-1.34598144644098,0
1.13081411951412,-1.4422594612713,0
-3.05549750170695,0.926780091824694,0
0.193651366549438,-0.971004461850182,1
0.868397076410036,0.18815555424032,1
4.73766440145265,-1.32373933367942,0
-1.40503669574375,-1.50687790375223,1
2.82469284706676,1.82139330474605,0
-3.64885501624267,1.05869692848191,0
1.27038467040611,2.54016596927271,0
-3.38943334016504,0.690841661587663,0
-1.31674005373962,-3.13102465058749,0
-0.399529532596781,-1.85010869975698,0
0.715072202084704,1.85939291814732,1
1.90304302424684,0.343155294859202,1
1.35551350603445,1.35176562918869,0
3.60924091236187,1.28042111249748,0
1.63438430532613,-2.66899116385786,0
-2.55389277182776,2.5231700597426,1
2.94934323943955,0.640578125454271,1
-3.85833145155657,-3.37571258591854,0
3.81436233931626,-1.91606644908422,1
-1.87608963341667,-0.695115257272985,1
1.49652263772717,0.412403808400125,0
-2.42783967713156,0.378287085568594,0
4.3058993593386,-1.14713757926568,0
-1.47480241952333,2.69871631859344,1
-3.65036107107098,-2.03744425947616,0
2.7697978146006,2.57985892577582,1
-2.79992592154981,-0.726652215683019,1
-1.31734279836022,-2.0805640680884,0
-1.88824031142543,3.17608522870387,1
1.13195089597172,-0.795669861396638,1
-2.01981493367888,-1.22467796437068,0
-0.420535744705541,0.30289118735261,1
1.50889687760306,-1.66076220870464,0
-4.11948600530483,-1.46703053312246,0
2.64586257029278,1.9716485424439,1
5.13899948070246,1.3508436235782,0
0.757878421932234,0.95114234454607,1
-1.03410186452266,1.91859988816618,1
-0.0988124078993373,1.39014141444966,1
1.78685129243818,-3.10839558668102,0
-4.60462755513223,-0.848625410498528,1
2.88418137440521,-1.57602291105801,0
0.52864709110972,-0.0847580166664064,1
4.22166666942288,2.58958427539203,0
-0.303846729170048,-1.04573437607755,0
-2.12652954082339,0.762241571604069,1
-0.166745218223597,2.12136815799275,1
-2.68843277294591,1.52305560384066,0
-1.97421556215929,0.614808363382622,1
-0.169746646101357,-3.15860762647809,0
0.323220443646348,0.75669188511334,1
0.993120754683434,-1.8410726008966,0
-3.63922571261785,-2.4779858127701,0
-2.38764788154368,-2.41053521422197,0
0.915233613961889,0.225196514747438,1
-1.34088629543012,3.58118072756989,1
2.2956315450633,-2.97173063540957,0
-0.345044772779982,-2.51387653143036,1
2.47406558701562,-3.66390540920248,0
1.3556711099318,1.47013460861048,1
5.21177689400118,2.29834892720123,0
-2.04648395382436,-3.10381902103841,0
-1.43331596578842,-1.93842608273082,0
-1.39186661487867,1.7584674304583,1
1.23827401902456,1.7614048685491,1
-3.82708283023013,-2.34559818081755,0
0.399392770647486,3.46028336436037,1
2.62753301047998,3.08336502414009,1
0.606800909644453,-2.90183750355498,0
-1.7164022265247,-3.32155056034338,0
2.97116651855782,-3.73654183932004,0
2.51465836435081,-0.370007945736376,1
1.87967184364617,2.55448677420392,1
3.9729621314307,-3.10914968638204,0
-0.358336840508229,0.565867221399581,1
3.03855319862303,4.45890615209506,1
2.14788680535233,1.2679183104001,0
3.19086662303145,-2.77473968016419,0
4.3803047644666,4.31451503144809,1
-2.48100609433475,-3.03222213914263,0
-2.33168102616868,-0.513534123665453,0
-1.37476863973277,-0.277826719721345,1
-0.096683752781404,-3.46670114512495,0
-3.27252817387748,0.370237137310458,0
2.94004847616026,4.35626612104194,1
-6.05092058532433,3.4428592856658,1
-0.334911505754893,-0.59912616838083,1
3.79765197196789,-2.88903697105198,0
2.89774249614376,0.345887621894988,1
3.68442516418717,-4.80467497259097,0
-1.89482076252442,-1.63059862346967,0
-1.88405828028247,3.70650541413262,1
0.630238278678337,2.88026825566561,1
-0.105149304688465,5.31736817293269,1
0.42087429399401,-1.0290450405474,0
1.65110768574969,1.87316027478172,1
-1.94849283738216,2.61223033097426,1
1.68127813126084,0.730431208890738,0
-0.941872363514429,1.34623197829162,0
0.530696732029958,-1.99823428968352,1
3.44424826046668,-0.62718899794318,1
0.623017507074412,-1.52289078315759,1
3.91417307127345,-3.42022886808124,0
4.65225162030329,0.575615151703109,1
-2.1987233613469,1.48371013667103,1
2.8507750699133,0.175225540634607,1
4.63441641835858,0.89172706314626,0
0.210721607971746,-1.77612129684248,1
-1.75229265061152,-3.57138903425168,0
-2.61743211837158,3.59823037795437,1
2.91593854266897,-5.84944896375479,0
1.99842675115552,2.66139214220354,1
-2.20805319028258,-0.663920115669122,0
5.01533030299098,-4.27439251752805,0
-2.25957204657826,-3.19940706045105,0
-2.79813204053789,-0.721772250555,0
-1.05608013664018,4.04464734984633,1
-3.05547510847532,0.931422943583934,0
3.14533036947392,0.704390995168151,0
4.1717331665187,1.08675962171613,0
2.48689884885649,1.53282943112239,1
3.26818351918575,-2.05115311818283,0
-0.19280824462559,2.96867367586938,1
-2.91994770954394,4.00497944022336,1
-3.412318681917,2.30641905564341,0
1.80188978190375,-2.32764196412115,0
0.133551774646095,-3.81651279142415,0
-0.48541848772475,-2.57748980148595,0
0.532364963577011,-0.516503327432599,1
4.57697866603205,0.699528109198481,0
2.17624906988739,-1.40727586929509,0
-3.27594079776023,2.75897127777322,0
-3.06133169058573,1.03121869177612,1
0.877520461822278,-2.67496944178813,0
-3.13912185637481,0.0935348411428183,0
1.96033570361794,-2.52992997522538,0
2.62762164366231,3.32160820658253,0
-0.805995623144043,0.922736511901584,1
-1.69267602537912,-0.405115543849336,1
-0.975321097486887,2.33420682552667,1
5.21491479390235,1.70024346193751,0
0.8492405313999,-0.0205598196885457,1
-4.41030314264369,-4.17689412625034,0
-2.7682008114029,-4.79270133950163,0
-4.12754375317916,-4.52682866656355,0
-2.19294866056297,1.84222696931175,0
-1.90441875246955,-2.26590101219773,0
0.746770681422281,-1.59658184947683,0
-4.70758193458558,-0.643174240287666,0
-2.39701573593188,-1.26184266832563,1
-2.5141004954542,1.04427261389283,1
-0.198732913915897,2.90764249902828,1
0.259015403708307,-1.39690863568635,0
1.27114449002577,-1.12392648101235,1
-1.88312923767821,3.57900816871967,1
-3.50993805594889,-1.14574303403003,0
0.220788545350062,-1.66066690021881,0
-0.923609020925402,1.04051854477215,1
3.07137929884883,-2.9321944291074,0
4.08619986317189,4.03920927393421,0
-6.51213816900599,-0.183263170085599,0
1.09845245966069,-1.84685234493178,0
-0.764217180575692,-4.04626520745752,0
-2.34306393662432,-3.62055887999966,0
0.848066912092347,1.82493209637068,0
-1.54798980502858,-3.50022118393634,0
-3.245592698505,1.18067539531414,0
-2.28949504903908,-1.42269979718469,0
-3.9909913985485,0.325650917805797,0
0.335141983495685,-0.836029825034731,1
-2.6203142877099,-3.8082487420726,0
1.49200372685465,-3.0913800779663,0
2.64402005081962,-0.454080052549882,0
2.50417346076343,2.64225252398277,1
0.0513889431288551,-2.84815811518771,0
-2.87499470664803,-0.242383823422281,1
-1.18165215666133,0.494493434768491,1
-4.24971926370431,0.0399322628395095,0
0.94738190349566,-3.60476960256112,0
0.0234169478542977,-0.56265819764782,1
2.41674806895267,-4.09422012836668,0
3.68309234895244,-2.70297242011985,0
3.1097701650194,3.57169292113206,1
1.93540043554145,2.77834376959102,1
2.02287717947534,-1.26737200927209,1
-0.796307449798623,2.90840646331768,1
0.452782814995417,2.62726380191235,1
-0.154335368398485,-0.0191562618657802,1
4.27850921501763,-0.546064584206966,0
-3.98534215048934,-3.18953025877756,0
-0.0359069078901595,-5.6475837431617,0
-3.16927060401271,-1.33922192274001,1
-1.8326755475032,1.96799859715989,0
-0.25430643511994,1.10690509030795,1
-0.469753307251499,2.88236054163495,1
-2.78906848612672,-0.365857985504143,0
-4.07425797565738,0.871513924530125,0
2.35487308530477,-3.19796908429818,0
3.48141666179293,1.80868377449298,0
-2.70984281287798,2.17122038470395,0
2.29442966805246,0.748447319841756,1
2.67632592680031,3.1592679428852,1
-1.81718492243476,4.26177731595245,1
1.82066522913609,-0.327174558536742,0
-0.236067408479422,-1.10253575861485,1
-2.66447638376407,2.66270950102354,1
0.408883174074861,-0.440009203615054,1
0.513349251698351,-2.05224975608472,0
2.38460832460953,3.52815044385652,0
-0.086247482640478,-2.76966753851871,1
-0.277238643411782,0.303254559566139,1
-2.56456136297503,-0.629315429777068,1
3.15138887194731,0.319664375165987,0
-1.16041975731135,1.85178730744267,1
0.967534290005031,0.25745111965618,0
-0.944042721347262,0.577644055895718,1
-3.73039586193356,5.744165811226,1
5.04452341008331,3.00447458042366,1
-0.94061591644956,-3.88531052642389,0
2.17154054555981,-1.38071159090779,1
0.624087765151189,-5.0032553425211,0
0.627615649949393,-0.389609041456425,1
-2.83079335562346,2.55449308473758,1
-1.67971474759307,2.92214291668296,1
-2.40142428660665,-1.13176967327985,1
0.900753625280952,-0.213225134423658,1
-2.99918474761936,0.290112140835919,1
-0.459635061364301,-3.29576925725691,0
3.76950767781516,-1.41308512811616,0
2.79984601767968,-0.828798767176695,0
2.20210082255273,-1.99418456366005,0
0.581312803001468,-4.93222005974983,0
1.31065565439443,-2.16644217927403,1
2.00538086800339,-2.82506743293884,0
3.65566757356618,1.87296404124208,1
0.818842628741179,1.6625111908728,1
-3.29524169844323,-4.0583062811298,0
-3.0194091100931,1.30469423126814,0
-0.625444369331518,2.20586100807084,1
3.5014669970789,-3.77533016417294,0
-2.4377777767266,3.13352798315857,1
4.89732667475039,3.83603275238853,1
1.87475919323167,-2.39597140857837,0
0.0307983291638979,1.0347951103934,1
-2.04689787246756,-1.32367362093395,1
3.89033848420529,-5.65541847240185,0
3.36284703242676,0.428365214169798,1
-2.66470507777596,2.59114800653719,0
-2.79098529874406,-2.11563699440034,1
3.26422140002183,2.95710230283008,1
1.12374913850789,-2.45725714779122,0
-2.60706139661418,0.325865611301363,1
0.115411510946075,3.54558744387994,1
-0.0547937549389296,2.54801482941066,1
0.346307689101774,-1.14858335151455,1
-2.9318340843179,-4.00847268830565,0
2.54516078014046,0.897628429763573,0
-0.238790349425594,-3.10578349984101,0
-0.755512173951786,2.25124155475389,1
-0.818162273232505,-3.38493643972627,0
-0.437597005799744,2.21902205408787,1
-5.16272468845306,-0.642298725814872,0
4.14680101423304,-2.77976677121419,0
-5.29870362953418,-2.14082401306495,0
-1.54925393951432,1.35289342099625,1
-0.714307115856342,1.34656372170319,1
0.440416263006577,3.09634498523193,1
-1.41440125095746,-3.34224040892091,0
0.397534159182632,-1.70862454957272,1
-1.85969791536263,2.40961575042161,0
2.45321241886806,-0.746146870471355,1
0.235976013579132,-3.97848313280363,0
2.80044594929697,3.58114003137028,1
-0.308094092446154,1.63317163340581,1
4.24771077134609,1.97189620745088,0
3.56380558915764,-0.329553105344988,0
2.65660692371644,-2.53792284406991,0
-3.58980958670225,1.76643076612699,0
0.678669594525183,0.634405106554352,1
-3.60827837467845,0.161657950169664,0
1.57919405747651,-0.492421972116551,1
2.75072224660312,-1.68975697173595,0
-1.82788738106351,1.50657063331242,0
-4.86618988859232,-0.863555029967653,0
1.47404274815762,0.109795391948593,1
2.14659306631065,2.07958884129652,1
-2.04264257779958,-0.00772639342325931,1
1.20867297532627,-0.0615153434710072,0
-5.16181104307438,3.65566763198298,1
-2.45122285567836,2.49353159687116,1
2.50416195348933,-3.28934585855141,0
2.56585981095009,-2.41374232834475,0
-3.83540750479932,-2.73205397245583,0
3.88957003059002,3.64519519339955,1
-3.15015583935426,-1.83328006203542,1
5.83595878578487,-0.707370317544347,0
0.417263916407459,2.87512377959192,1
0.100760397701282,-0.622906563562837,1
-0.75484352168103,-1.35458465551105,0
-2.34381716929824,-1.28146228705488,0
3.4342158375478,3.28685692628203,1
-2.15416615464913,4.63035286645729,0
3.17634042584362,-2.81182074013577,0
0.143651532164035,-0.884985306410189,1
-4.24160105053288,-1.66568830729282,0
-2.2009554726084,-1.43028742766626,0
-2.07463472232835,-2.59128620093828,0
-2.3067631826675,-0.0528351292934685,1
-1.42154758485329,-1.49624474382046,0
1.10971544459364,2.22079659774237,1
1.04365831663858,-0.250657226599342,1
-1.70295018384665,2.61720439599933,1
1.36721441332782,0.0472815258386259,1
2.93447164570728,-0.442742892851846,0
1.18798822267017,4.342373819045,1
1.85997910861988,1.19484971929318,0
-2.40979340574039,1.27111321447869,0
3.10183953738458,0.456659704166265,0
1.68850797311021,-0.617102580128794,0
-2.3104231346923,4.24129271410492,0
-3.48845766629962,0.72851130940256,0
-2.20077818504933,-2.43833337231057,0
3.86903343156331,1.40105659681339,0
-3.23440433322088,-1.85751468381914,0
1.91492041822772,4.36956669317084,1
-1.04105080233936,2.28951813719349,1
1.83521791520803,4.623485975314,1
-0.499711470090126,0.0139289905046784,1
1.2965193340011,2.58507405983883,1
-2.84543668158656,-3.63826183436006,0
-2.79817920912394,1.89855938877669,1
-3.64556643455829,1.84129326871849,0
0.31564614782698,-0.900066817546974,1
2.25846801101287,-3.09258449364396,0
-0.215005783389871,-1.92383535115835,1
3.87167793346666,4.60918685414986,1
1.27082274677253,-3.3013452096469,0
2.09559441232146,3.54264770302608,1
-1.99964780730351,-1.26127339751867,0
-2.6795854005588,-2.46638692568799,0
-2.60888810945393,-0.114994246356853,1
-2.7181037054495,-0.0517955440068891,1
2.4380360314283,-2.53105768437828,0
2.02941199559159,0.671611292128252,1
0.238317531743516,-3.2385425902396,0
2.7901618164917,-0.356468428697369,1
3.03098329199578,3.78063679822017,1
4.37472834866358,-1.55524381331255,1
1.82739442365536,0.0908325270629475,1
-4.09459823889043,-4.26826258071047,0
-0.994939497759881,-2.1012804709605,1
3.84918859596211,-3.86216305923924,0
1.84639342073245,1.19941107792789,1
0.445808202968308,-3.32976684637816,0
-0.0471154633551791,-3.45163819623604,0
3.25501579768692,3.28971995351739,0
2.11864783894026,4.00152344642982,1
0.0343798481954025,-2.19238839251249,1
-2.42759495558556,2.76005712771072,1
-3.17747072523124,0.558097507152782,0
2.1296521072579,-1.82379120861586,1
-0.580578452662206,-4.1889618708159,0
1.52025839270787,0.529124117394918,1
3.47418719468257,0.790095650817825,1
-0.10234577715815,1.51855903864497,1
-1.89980625327052,-0.0550706665450924,1
-3.84189262744938,-4.36113746262201,0
-3.84588374799793,1.93132959976594,0
-1.20545590027262,0.695192376719758,0
0.0631591578183215,2.03392217998296,1
0.0623580135184887,-0.203610929656314,1
2.9730944405754,-1.22334190868063,1
0.286736212182571,-3.0679909329661,0
-3.01360743499064,-3.56271787982698,0
-1.73092714729224,-0.978443297194289,1
1.05512661935025,-4.38025490756709,0
1.59320750028519,-1.70524152011296,1
-1.57193682779148,-4.16705781351129,0
-2.95230045866799,-0.614447621115515,1
-2.5223451122744,3.77608718613094,1
0.36340837328579,0.325997478443743,1
-0.599633044610484,4.7309141540293,1
0.158006686068674,-2.58937334550401,0
-4.43184101898664,-0.143809555460341,0
-0.770494150285797,-3.58741918653862,0
0.298276706437595,0.459228944759989,1
-2.09472707284134,-4.94662249109119,0
3.83592756374728,-3.14891627358751,0
-2.58969339609399,-4.90832601857428,0
0.904800420193124,-1.40697811185169,1
-2.15985463390385,-5.11495440496318,0
-1.32442894572691,0.0707108499007485,0
0.195313244016413,3.28683823647539,1
3.35830768067416,-1.29540720696645,1
-1.94329343717763,3.04998656188286,1
0.568614704092382,-1.28334946631807,1
-3.39402855326579,1.86402037858553,0
-0.795591254225452,1.31098336651955,1
-1.13639526087564,-3.75097072892642,0
-2.41306499602915,-2.38319751265246,0
2.17684494882131,3.52368023789008,1
0.184286768101414,0.190645317331943,1
-1.93513230167354,-3.30744814785647,0
-0.595678056151515,-3.40136159907002,0
3.00091934782073,1.76406134193553,1
2.52991502278504,-0.558354618256369,1
-2.99289704962863,-1.33767673004827,1
2.75602958089047,-4.63471737236472,0
1.24904246959168,-3.58661699315011,0
-4.09975738239915,-1.97948531917403,0
1.69926047355118,2.6044847484782,1
2.21197693649546,0.0587255505761399,1
-0.120433845148169,-2.39771412440155,0
3.89637782071724,-3.01358002586342,0
-2.51036278493867,2.06442067793839,0
-2.21062558790029,0.662751859464925,0
3.3935275769906,-3.88941833054795,0
0.88222452308778,-3.78846665052337,0
0.528624180997376,1.11102339109506,1
0.631829702656001,-1.8314598519822,1
-4.17605341282534,-2.37241715026729,0
0.817093899109118,0.301901293225838,0
-0.478135498813591,-0.740532715169725,0
2.44470664259204,-0.504353882920904,0
-1.85342384769349,-2.26102117568708,0
-4.08512121299639,-1.88148449733759,0
-2.25461345572285,1.52075930723593,1
0.344711541439271,-0.284375254779825,1
0.195356624401777,-1.17324135563789,0
-0.0268378876150625,1.32321053772718,1
2.25285002232217,3.4229784423821,0
-3.68410129825322,-0.268257496676403,1
1.55412147841385,1.45233544174165,0
-4.09873229877257,2.92094691441672,0
-0.750870886972629,-1.36726008350318,1
-2.73915313254973,4.83443304705369,1
4.29043084152142,-5.08426713030388,0
-2.70855398663267,-2.76738439448167,0
-1.34242842544427,-2.50212577341402,0
-2.12615968441017,3.78582719982726,1
-2.9373524367535,1.30029265492204,0
-4.31342909154674,0.278617107537209,0
-3.02034959994967,-1.43053527597505,0
2.47634509694934,-2.01802572216196,0
1.04699475700728,-1.79633659731966,0
-2.67652473444062,-0.4028658588853,0
-2.62949489536125,-3.26033785134606,0
3.09960626986325,3.94729907852688,1
-1.78804791647903,-4.22972639449095,0
-1.14884966555888,-2.27946251717764,0
1.34732525848427,-3.2588743259463,1
-2.41526721842923,3.67186632112007,1
-0.0275963547936373,-3.1816445362496,0
0.768624761527713,-4.64436661182069,0
1.7240136197577,-4.06273918291936,0
1.10184810393229,1.35678184278707,1
4.67017038713969,2.10937229724748,0
0.970912973480645,2.74909088571908,1
0.876512449414007,3.83394924753266,1
3.70090638888762,2.66808703420159,1
-0.961605712618583,-3.80050355279363,0
0.988178243771975,1.48257119257356,1
3.58675522843871,-1.34368825911703,0
-1.67598775629649,0.196783470500609,1
-0.228273615084827,2.66272938247478,1
2.56121260011333,1.53531096140207,1
3.90900012299725,0.905294634125849,1
-4.23255653437406,-6.02780071566954,0
-3.33187846564711,-0.261371066006633,0
-3.41763894724962,2.12406844226918,1
2.16922972789539,2.57428140394345,0
-0.230004624573648,-2.98793299941231,1
-3.47077902935596,-5.11603585543743,0
2.66348731272559,3.32933928015797,1
-0.757974911132399,-3.20227736610389,1
-3.18943918630253,0.863221280119444,0
-3.73356852733139,1.14988232735477,1
-3.51942398909734,2.9778323576266,1
1.56166249259689,-0.413088281373726,1
2.09558001533861,0.110549309659544,0
1.31526005936763,0.98012175997217,1
-0.639904598647247,0.784239386320998,1
-2.11241544696917,-2.3041364919924,0
-0.79265443566747,-3.08966541406591,0
0.696788880373016,-1.7950832811798,0
-0.339847644345723,2.69933653106094,1
-1.29087869669811,-3.15205021990317,0
-4.32525652911576,1.31805669596259,0
-2.18213381178045,-4.29424404028688,0
-0.0199573534884583,-2.42421586766932,0
-3.87244924086749,-3.4788400155869,0
0.296266765802178,-3.35766026448133,0
2.53904687105246,-2.7134954269337,0
2.05383765428477,2.91504320665303,1
-4.24179123266303,0.467538889041224,0
0.724959694039727,0.180363644916029,1
-4.78313459396182,0.436882480978214,0
2.82907748490992,1.04011021863592,0
-3.20701889282583,-2.38850302574941,0
3.11538904649748,1.14489331105652,0
0.490559211985693,-1.69118469361274,0
1.1493360994311,1.79103285026611,1
-1.50592201075591,-0.64467833279802,1
1.28317612159182,-2.70887133174905,0
2.60805780127171,-2.25458831749905,0
2.23497126209974,-2.33371721805778,0
3.37328230636541,-1.71145715010835,0
0.623923286908314,1.39747793040112,1
2.54557089733992,-3.50404640826892,0
0.978229881418013,1.86297039654757,1
2.59852314458799,-2.10981138336405,1
-3.40682835681054,-1.88592961799883,0
2.76097321660746,2.16849549446819,1
0.970152710299755,-4.94608707240092,0
-2.33981218151513,-1.94513856620187,1
0.525691224608092,-2.98117419765699,0
1.36695971041673,-2.05453579517866,0
-0.40905008478641,-3.81362583777472,0
0.0573041771269394,0.58572468546638,1
1.87491749818052,0.357223682183378,1
-2.4415993053019,4.36496986611632,1
-2.86908693626417,-0.278098413946134,0
-0.270687764504675,-1.35565419974526,1
2.74221084463644,-2.11594330225252,0
2.11688325678418,-2.79167914174079,0
-0.145677057631955,1.56645454718453,0
5.07426500073068,-1.22611208787483,0
3.89063232758516,3.41786611439066,0
1.02097441198832,-0.899523465775013,1
-0.529308923410247,-0.764942701236302,1
0.381424582568265,0.097985373001209,0
3.30445620487966,-0.346641525707846,0
5.06967220280981,-1.27377390157566,0
4.69837973764105,0.45174943504016,0
-2.41633019563445,2.82342313933452,1
3.02574467291439,-2.21646623888789,1
0.54320156114032,-4.61453854657272,0
-0.298523715750968,1.02205587127251,1
0.678173667072723,-4.53561689468735,0
-1.6081034290622,-3.35778122391314,1
1.80803906061814,2.81995382888838,1
2.27562609761083,0.79259076608189,0
2.64865605539391,0.468161757955737,0
-1.55403408433987,-4.41887475894091,0
-1.09042123770201,1.4337556024629,1
-4.97883927187655,-5.41199617707507,0
1.93050292198714,5.23752641921675,1
3.36430271915777,3.65555162997614,0
-1.25140496280936,-0.336298497212296,0
0.207580869070905,0.717591467332263,1
3.80410766000124,0.750442287424257,0
-4.11744447447473,-0.518256705216716,0
-2.10970769212443,3.38895187379278,1
0.980537909899595,2.25742848901644,1
0.442426882894392,4.09640841874594,1
3.88405973346916,-4.41266393397216,0
-5.30449872986776,2.20719878729711,0
-2.99529859845347,4.02447451832978,1
1.81823690980683,-2.13167800294673,0
-2.8729780868972,0.933036079975853,0
-2.42459443533522,-0.902486548789081,0
-3.93198751030031,-0.926042667806124,0
0.338742034481315,1.77003153181413,1
1.16294366734657,-2.12362272682575,0
0.109764421139524,-1.5177866123896,0
-3.67350689108385,-2.84506654046549,0
-3.09350572806661,1.11156784220107,0
-1.10288292027439,0.805779678849151,0
0.843886459977748,3.69009731712633,1
4.73925000143372,-1.34190088382941,0
-1.88938804022414,2.52391515559399,1
-4.26575557028606,2.51243423473054,1
0.847390730151415,-2.3770948204814,0
0.566526297719207,-1.76631030267528,0
2.01419601661581,-5.00629602205967,0
2.62731710031038,-1.19599421707835,1
-3.98504781987137,1.9827838500416,1
3.64732391605118,-2.37848904958367,0
2.39917590488066,3.01826963058014,1
3.90526733912268,-1.27309295356682,0
1.61693747790281,-2.12755763388869,0
2.61606254294262,1.56709619994598,1
-3.80117272498441,2.89855894832293,1
-0.130055843012655,-3.14707127347843,0
-2.60037714287408,3.44493734237874,1
-0.121570102257536,-2.39001773992171,0
1.78330485158117,1.79322439379568,0
-1.91528616398906,-2.64630044953368,1
-1.86499776848261,0.943249241024731,0
-4.56756269248373,-3.79083530015907,0
-1.19338664193709,0.641714582891632,1
-2.58175767911329,-3.42975773864637,0
4.7421201227616,0.998407455662726,0
2.82189297469671,-4.20981479950914,0
1.67822179339118,1.63430972975096,0
2.88665783539628,0.825247253736094,0
-0.987209184434032,-3.67931483666746,0
3.72409600562159,-1.93691411794048,0
1.9429917833027,-4.01849148657619,0
-2.34037595205006,-4.62399637832461,0
0.883699544449986,1.9087239929059,1
0.945033156846082,-1.83910853618085,0
-2.57242137910146,-0.070991262805308,0
3.412236999462,-2.85825297373561,0
-0.594216307861079,-1.22522097730772,1
1.16464050190285,-2.3940194170528,0
1.90289007861478,-2.82668623290875,0
-4.04570749973248,-3.11009027108244,0
-1.85841376532707,1.2080399451957,1
0.139948332967074,-0.178444841524477,1
2.34149292921557,1.65936726734139,0
2.51335367231383,2.75109737156214,0
0.0519992302971801,0.0382082556648906,1
1.49472644080279,-3.91853797730808,0
2.30361145109909,0.0650064849809908,0
-0.810129371061054,0.543352308557411,0
2.51340864166723,2.71223646062738,1
5.72143701053852,-2.68159314067374,0
-1.72257850702448,-0.689657510127133,1
-1.90947482383468,-5.02894347756328,0
1.69500371162584,3.85602625948203,1
0.0599880343249191,4.77325475466128,1
-2.04760895880384,-4.70490805768045,0
4.68089684765384,5.20177112086109,1
0.836465206755518,-0.0378785107453123,1
3.61288976302462,0.249563135231141,0
-1.12596826879006,4.33325796706104,1
0.276724325264465,2.36371661297726,1
-1.51824474837916,-0.870167008770785,0
0.0508160609526178,-1.94828942926602,0
4.15426064869493,-1.62183278560284,1
-3.88967759297622,-4.18884387416438,0
-2.8415910845623,-1.87847890571185,0
0.413479172309917,0.916880278267486,1
0.267285299800816,-0.627394028630702,1
2.17441642845807,-1.76854426577386,0
-2.8460227341121,2.9768542619364,1
-3.3074657067508,2.56286784228728,1
3.71533886352502,1.17299036254029,0
0.613666195815958,-2.19820093490382,0
0.461579368585185,-0.25865438308808,1
-0.164949119959471,0.884153192008396,1
-2.10384669462262,-4.36495711314252,0
0.114884553328069,0.0432383922515407,0
-4.82919068569832,3.26044522385818,0
1.92989836779742,-0.573466615733393,0
4.22129818969755,-1.42943547184021,0
3.33615435437761,-0.465518754197388,0
-5.66279080811695,0.277332160994741,0
-2.63762119092914,1.17310840771442,1
-0.587576107929349,-2.37356767946225,0
-3.01965072315867,-0.00885806001492123,0
2.25575480614055,-3.22551263490077,0
-2.40609589386867,-0.737530753992711,0
-2.30523004486006,-4.19775783634544,0
-2.65416423707217,5.02392749756492,1
-3.56706568628525,-0.859557812939316,1
1.3615230171495,-0.893162278203997,1
-4.74110439589117,-2.18846698336519,0
1.48717821097672,-1.27792065708173,0
-0.847977366784833,2.65871729747253,1
0.829161109744263,-2.63014519010061,0
-0.131542173122119,-5.47445784543098,0
0.962115517978452,0.891680151457558,0
-4.32122240993327,3.23453545230905,1
3.1477631427495,-1.33514741313076,1
-1.4924802221447,3.00668988733761,1
-1.88705601723571,1.2070844908289,0
-4.31662504074844,-3.85153140746448,0
-0.599937750409031,-2.18450796637622,0
-4.38231691198428,-3.61297239727214,0
-0.202979595073794,3.08644077886153,1
1.59529069464664,0.538674825359541,1
-2.8811950945859,-5.25278713949575,0
-2.78022436541388,-0.922573033513692,0
-1.09374018725094,-3.12024725336747,0
-1.25502993859415,-0.932876229659663,0
0.282908056928723,-0.320280800339617,1
0.81571661425631,-3.97678812508939,0
1.79190901474779,-2.61369721031272,0
-2.0488364276519,-3.61406300089663,0
-0.308008950327879,2.60715155401794,1
3.78276703732478,2.0223253644343,1
-0.497061150225791,1.58374339662738,1
1.51667855514632,3.90654697200646,1
4.03748352989972,-0.10031310840858,0
-0.0420848389049702,-0.58111782396346,1
2.15085881691225,-0.744187521689326,1
4.22779162578666,-0.157086591071344,1
2.18611961886904,2.94053802710778,1
-0.545706693347207,-2.29884934478651,0
3.37209686654094,-2.53794266720912,0
-3.95513226139563,0.267667857478215,0
-2.58511355112549,-2.07788660282156,0
1.47109601193415,-0.553803695476476,0
-4.89138962456267,-0.200831842055127,0
-4.60485547956471,3.15856512321275,1
2.55056338647135,-0.549794755750625,1
-1.11501870651899,-2.86761612277224,0
2.0092953536548,1.89349819875237,1
-1.98890779994728,-2.20326013829198,0
-0.323703775633478,1.31547280623295,1
-4.08437329546587,3.19910667051654,0
2.12408805303647,-3.79378623197053,0
-1.28102273635288,0.881462834003274,1
-1.06352667759034,-2.21188294802756,0
-2.7923705194872,-2.31209128985332,1
2.94532194119568,-3.13556904524975,0
-2.51135019315813,2.08914631227352,1
1.64215467823657,4.36240375790787,1
-0.520971677507082,2.40316043948413,1
2.86167250847928,2.96969153335998,1
-1.33471463641249,0.63822591168436,1
2.25085754100028,-1.18532881570652,1
-1.31634268057827,-2.21677654974472,0
-2.22665522429879,-4.17329003885794,0
1.38387630097078,-2.61950239392894,0
3.54245019284136,3.67111643306876,1
-2.29826619788524,3.59445137742644,1
-3.66560914846048,-0.275294335232243,1
-1.76995261913882,-2.85609379178785,1
-0.144916572168234,0.835562517621672,1
0.902020746415665,-0.423630940975139,1
1.9801660897818,4.16579825829891,1
2.8443832366771,-6.25380923021066,0
-3.14683610555692,-2.1679680953956,0
3.91172311934446,2.18153342988331,0
2.48279654475759,2.72014503467515,1
-4.01707195352636,-2.43256989079186,0
0.381858288557705,2.00016582193567,1
4.72103181103698,3.36971453115335,1
0.205356212604893,-0.923143657611838,1
-0.644889986139468,-0.597988260523755,1
-1.80821307770917,-1.79492048696102,0
-1.1521457160273,-1.62502420922662,0
3.09438046481154,3.10090374749447,1
3.88256113725863,-2.11134386840317,0
-1.85668636454431,0.327577355389596,1
-2.90547523534902,-3.57569009431246,0
3.08204830986053,0.156605529048253,0
-3.06098051784505,0.864620580769703,1
-1.76345609155703,1.0891167440002,1
0.983547664394332,-1.20727627095713,0
-2.82374959712646,-1.01171758206147,0
0.704436769203693,1.1923411770119,1
-3.70027311543266,3.46260853166999,1
-2.99906267564266,-1.62619262387116,1
1.33815903615041,-2.81196584998285,0
-2.58756630987542,-1.57073486613237,0
-0.0271279916709984,3.38951445367701,1
2.74628588424404,2.18747731919379,0
0.366617522957998,-0.26382645717414,1
-2.32007815124553,-0.259809768142392,0
1.67454890203969,-3.25074439754608,0
-3.87675377542152,-3.35681593594102,0
-3.9340245256083,3.01281048630585,0
-1.63238660433677,0.868731753240783,1
-1.901255979392,0.565625952211107,1
2.51808421238432,-4.44525397211607,0
-3.12415950834064,1.06453664360992,1
-4.1533015193855,4.81099725676795,1
-2.8195606164605,-1.669333882836,0
1.8640437549524,-0.623015770132435,0
-0.931505662015725,0.708028162392537,1
4.11168587746125,-2.45311939800265,0
-1.75518977995402,0.24016126099642,1
-1.61342141787711,-2.99056023380178,0
1.07144582327739,2.58778371417427,1
3.1045116055713,-0.5998748087152,1
-3.55049503975204,-0.0508040158817796,0
1.70262350088549,-2.70725998200436,0
4.52549557062868,0.915711248597886,0
-4.38907861948455,2.30690359302368,0
-4.20840909301654,-2.88995978048439,0
-4.4938663325944,0.419463614977649,0
-1.42544867426784,-2.52045473775769,1
-1.77481206520808,0.800299858518249,1
2.37211692060424,-0.11385056136452,1
4.50948056699342,0.315465260969717,0
3.07881695228171,2.57979798876921,0
-2.55896929244881,-3.18777007622823,0
-3.6037139036948,2.95137270776314,0
2.43568402484695,-1.1266126015361,0
-0.310376279981549,-0.704484968568197,1
0.291679671978924,0.983269107271772,0
-1.49141667439534,-1.79386560169695,1
-2.61023057767296,3.86635692772413,1
2.00776612819204,-3.80732043607436,0
-0.898319855246213,1.67291612352053,1
0.793317300457608,-0.55110793792143,0
3.24365482509436,2.46685405857799,1
1.00039038732708,3.18199652513297,1
4.01739335176735,-1.73803828343779,0
1.05124061308039,3.39648499668694,1
-2.57077897471784,-3.41897214258592,0
3.46835224335845,0.161376944566562,1
-1.51069709439863,2.80489050281018,1
2.43963734534521,1.67245306104765,0
-4.9848690977186,1.74228505303008,0
-4.48968530537532,-0.0709850417162291,0
-3.27943142790665,3.69074248175329,0
-2.21831242719168,1.96122300540838,0
1.81118493808532,2.9802247784297,1
-4.72671393668889,-2.42259023762855,0
-0.296088799716794,-2.50891214937948,0
-1.7031965475471,-0.162371586797685,0
4.80938778813144,-4.56469947017039,0
-3.93298121788433,-0.943428158645012,0
1.39080338645847,-2.83224078964544,0
3.4845889775353,-4.8099466155713,0
5.42489411364805,0.321517829188714,0
-1.8224228954577,0.171550132586746,1
0.523651455653401,-3.46034820254279,0
-2.50085974561056,3.86853203753517,1
1.19941142261785,-1.45888512164201,0
-3.65975280591632,1.42185012533886,0
-4.13505862918334,3.0179512286485,0
2.04133155809086,3.37435465383192,1
3.05223195822807,-1.02867500734948,0
-0.861617106498821,3.07560228567045,1
-1.27933663500149,3.42722705818551,1
-1.03732567578339,0.822460340868012,1
3.26496107032331,-2.12457021138928,0
-5.03134878910205,-0.415589998466302,0
-3.05478633109834,1.43950807317583,0
2.74722266395954,0.488799715737005,0
-1.67539334542992,1.62873099427016,1
0.726053893470668,-0.32740785223628,1
-0.472667454916817,-1.11949853039219,0
3.91039751071441,-2.89784143344213,0
1.27005769736202,-2.24310646177244,1
-3.16728940264951,1.61323236121376,1
-1.80916150643078,-2.52501058669645,1
1.75887138893802,2.86485734825116,1
-2.59865092967406,3.94602417403636,1
-3.2101139835453,0.0900011164067379,1
3.86994864552789,2.12872973495699,1
-3.09986563113681,-2.27869015888715,0
2.39991758181459,0.384596635318565,0
3.30875711360056,1.27532739031157,1
-3.59193464605555,-3.96409609603445,0
-1.55409818538374,-2.39102666362525,0
-1.39593234877199,3.62109916376164,1
2.27448900383559,-2.87875468358025,0
5.33979628994587,-3.60387902468704,0
-0.590558100799504,3.70300180105363,1
-0.541818196880592,0.342652967441366,1
-2.45763396688574,2.73377663677697,0
5.54066713350387,-1.96131401236526,0
3.64954740288802,0.120973365801902,1
0.817791750882866,0.33666173250941,1
0.721069928943733,-0.37657128402287,1
2.35324885240801,-2.42085102401567,0
4.94100437674764,-3.22560916730658,0
-0.56341279497832,2.67887854939928,1
1.57284975783142,3.98067244250808,1
-1.98817307233281,-1.95495039408036,0
1.38487148790675,-1.60672875939052,1
-0.793315321630563,3.74242004360864,1
-4.47535149110167,1.3189583982929,0
1.28124421625886,2.10242912980801,1
4.54038791341362,-0.342584846656901,0
0.781823454104344,-0.415330418270181,1
-4.49918788906909,-2.48598943184369,0
0.289553493675871,0.87859130042511,1
-4.00007678848475,4.16060896903413,1
2.68660365449731,4.48549824631743,1
1.05973663007382,2.97556980171462,1
-4.51862048991927,2.93936473170537,0
3.99320697352633,2.91740064086274,1
-3.23699905214808,3.89840166356524,1
-0.832246487314984,-1.84293494605398,0
2.08558059009676,0.492434962328201,1
2.8100784871035,1.5012017959117,1
-0.844646433602764,-3.23023864698609,0
-2.8133561538755,-2.46999391706287,0
-1.46363335977385,-3.91337062235082,0
1.05923174937523,1.6938538081006,1
-1.40059651963441,-1.58048953175464,0
2.81317990055763,0.517826105816724,0
-3.53799964379632,0.503108070788926,0
3.32537965238318,-3.01938265817367,0
-3.90368828055443,-1.00919115190409,0
-2.1963870951935,0.904808038009938,0
3.15222616671339,-3.75198809095454,0
-4.00088358737039,1.41397781676639,0
-1.52952911287823,-4.72993985029331,0
-2.90081686517975,-3.3467420346771,0
-0.545651565099803,2.57603551623605,0
-4.27776322651465,0.190760685575999,0
-4.15214255300819,-1.27954732963035,0
4.75730331771264,3.83386633509394,1
-0.270597712816613,-2.8474907803978,0
2.41924659016028,-1.85138825528604,1
-0.0275136777792296,-1.27414182948876,0
-2.91868741981813,-2.89623388303334,0
-2.53144985236727,2.23721092092815,0
3.64784938278771,4.57146959870621,1
-0.21099962778944,-1.17747975828996,1
1.5852316303889,2.68629302739273,0
-2.93571324778417,-2.37070028538516,0
0.423614998479727,-2.81323773636982,0
-1.15876452760826,-0.153376300031482,1
-0.600905977505515,0.653702840680881,1
-0.12503765037084,-2.96117682821406,1
1.67521211137892,2.1842306831989,0
2.55167450483348,2.26275579162572,0
3.30572484656464,-0.370845060761607,0
-1.85082151098109,1.18569506279878,0
-0.0502648158445037,0.354770370919839,1
-3.4688579949911,-2.17943302491946,0
3.58436565667689,2.01146086379398,1
-1.54123390273945,-5.63982099769077,0
2.42441122905076,-0.169453060782502,1
3.51128391405105,-0.973077886204923,1
1.81300280625609,-1.80579449275141,0
0.844445577106503,-0.275326835145512,0
1.52410561282955,2.87674128445063,1
1.20699598883264,-1.34928412074568,1
3.12171448042362,2.06024568003021,0
-1.50724202976131,-0.100014734617369,1
-1.70661743409429,0.778849012799536,1
3.07569239682631,0.245863597935922,0
-3.03730459229483,2.25013299776351,0
1.601279216322,2.29525400141321,0
0.695018952119963,0.91612709274777,1
-0.122543998241546,1.20680564131312,1
-1.5413395422967,3.0583606898814,1
-2.15726122975807,2.67321484092462,1
1.45708023284079,2.03996193493346,0
3.17004904693872,-0.033304992690294,1
-2.59983781513574,-1.0129678472269,1
1.09975214556961,2.89995132386048,1
3.03796778856956,0.269362353383182,0
0.869898808412772,-5.3692958102198,0
2.40195654526047,2.53077963266082,0
4.11939299211605,-4.61440234301187,0
-0.166496793387606,0.133309707335689,1
1.51275055950678,0.197055894433602,1
-2.01629904348476,0.850963774458378,0
-4.24809492572022,2.03484151382506,1
-2.43173369654886,-3.82427486761434,0
-3.62758482215582,-3.68832842523642,0
-0.62582289803711,1.69418552300917,1
1.48310541834811,2.55918038884733,1
-0.902604938071444,-2.69238216650516,0
-2.78458007968005,1.86872014959469,0
0.775521894467495,0.102197737387105,0
-4.58736850886163,2.36890343488309,1
0.433169310300697,-1.79966206223424,1
2.12580663020034,-0.159839425549316,0
-0.576114477147069,-2.24038182261035,1
0.86573976728413,-2.44909982205202,0
1.71943720210081,-1.82034296649445,0
-2.57694653854169,3.58518961247172,1
-3.4597057403478,-3.24075558158848,0
-1.94632832629829,-3.97696330139625,0
5.67206610063748,3.01075593057198,0
1.81343475919382,5.93689346476803,1
1.18380492489217,-0.189768295556035,1
1.85808824038343,0.534906317586852,0
0.206347748650993,-2.20453126646265,1
-0.887421908615512,5.49565431786195,1
-3.78423740152976,2.31246945622952,1
2.00014054111297,-2.61911610822023,0
2.21491183268542,-0.651045343840762,1
-1.51060458184097,-4.69450267965175,0
2.55094626833306,-0.953237243091255,0
-4.77763602289173,-2.67796230977017,0
4.22571752769972,1.49784750984874,0
0.371391182275583,-2.43311065175378,0
-1.03935628531685,-3.50076985305992,0
-1.92099504908333,2.52534524306966,0
-1.14901312734401,4.62173356371664,1
-2.86192543071361,-1.9578384587029,0
-0.511972226037993,2.78960743780619,1
-1.32984536554263,-3.45775572597338,0
4.60716810961375,-0.154135029395547,0
-1.01764046916307,3.13026693702884,1
1.52768836132327,-0.927188501801553,1
1.78050000973421,4.63093132936993,1
0.517964732190122,0.414159257370275,1
-0.0354456887552232,2.94527340491723,1
-0.275446819822856,-1.06861757108711,1
-2.60881716947839,0.282119240951669,0
-1.85765270607589,3.14051451290981,0
-1.00645834537264,-3.99570533554734,0
2.94881010820769,-1.08435754468861,0
0.103856007538535,2.4264104005883,1
-3.51017313127317,3.63239276042589,1
-2.09863153462903,0.012583966624788,1
-4.46407783749302,-1.24431541014533,0
1.76790879206723,-0.669653887881826,1
-1.308540230371,0.445902554156805,1
-4.6681297351819,3.0588433693134,0
-0.552642210468014,-3.76593872161698,0
0.0671702279852995,1.39363096597445,1
-6.12384612383376,4.17390798174961,1
3.37273731776812,-0.313114092497452,0
1.49422971991786,0.264886717234956,0
3.87487165003549,-3.13840003325543,0
-1.03786953746756,2.8808401155669,1
-3.15331112783462,-0.248805845930223,1
3.70667153666522,2.27482852207725,0
3.58086794732233,-3.81312243966311,0
1.93053904401393,1.93911751689443,0
-4.25849834830888,0.823776916419559,0
2.21789930112176,-1.07010530854711,0
-2.04695272715011,0.797797950790703,1
-3.60678151481052,3.11837208249508,0
-3.41372588153924,-3.14434400544061,0
-4.21916231196388,0.657925289359206,0
-3.39541264235089,0.398240963126415,0
-1.29262675191558,3.49169754078026,1
-3.93347777010406,0.850099299948393,0
3.25070649612085,1.61688465840841,0
1.46235413489023,-0.899068450487162,0
2.59177649896024,0.575090996052634,1
1.76717578730733,0.986969442197019,1
2.38249711037557,5.05174879707506,1
0.726269104653013,1.79143321242241,1
-2.06347099344528,0.24826593998815,1
1.11260368846323,1.17277847354251,1
-3.42569048842273,-4.60075888884577,0
3.7446329782283,-2.74497618215618,0
1.3637737640356,-3.78667504829391,0
-2.00334789591668,-0.119489381220694,0
3.99222785248974,-4.27580197381721,0
-0.789547171538269,-1.63509575919657,1
-0.567304973462958,3.04160155561435,1
-2.11261743067952,-2.39736847971516,1
-1.33709747543785,-3.18465628047547,0
-3.27425089070069,2.25067398976566,0
3.96568020642389,2.63143885941356,1
2.29535737044566,4.52776042147122,1
4.52762085638266,-2.86691683189268,0
-1.00200479057507,0.729816242479782,1
2.5313516352488,1.80809767958285,0
-1.87620362460953,2.64001425705889,1
0.806044677356442,6.72777064780569,1
-3.36117033078743,4.23306139976628,1
1.41220140296022,-3.99650168899844,0
